<?xml version="1.0" encoding="UTF-8" standalone="yes"?>
<addon id="plugin.video.skygo.de" name="Skygo" version="0.0.1" provider-name="jojo">
  <requires>
    <import addon="xbmc.python" version="2.1.0"/>
    <import addon="script.module.requests" version="2.9.1"/>
    <import addon="script.module.routing" version="0.2.0"></import>
  </requires>
  <extension point="xbmc.python.pluginsource" library="default.py">
    <provides>video</provides>
  </extension>
  <extension point="xbmc.addon.metadata">
    <summary lang="en_gb">Plugin for SkyGo</summary>
    <description lang="en_gb">Allows you to stream all your content from german skygo. 
    ***Attention: Addon is unofficial and not related to or supported by Sky Deutschland Fernsehen GmbH &amp; Co. KG***</description>
    <disclaimer lang="en_gb"></disclaimer>
    <language></language>
    <platform>all</platform>
    <license></license>
    <forum></forum>
    <website></website>
    <email></email>
    <source></source>
  </extension>
</addon>
