<?xml version="1.0" encoding="UTF-8" standalone="yes"?>
<addon id="repository.johtru.com" name="jojo Repository" version="1.0.0" provider-name="jojo">
	<extension point="xbmc.addon.repository" name="jojo">
		<info compressed="true">https://raw.githubusercontent.com/trummerjo/repository.johtru.com/master/addons.xml</info>
		<checksum>https://raw.githubusercontent.com/trummerjo/repository.johtru.com/master/addons.xml.md5</checksum>
		<datadir zip="true">https://raw.githubusercontent.com/trummerjo/repository.johtru.com/master/</datadir>
	</extension>
	<extension point="xbmc.addon.metadata">
		<summary>Kodi Repository from jojo.</summary>
		<description>Kodi Repository from jojo.</description>
		<disclaimer></disclaimer>
		<platform>all</platform>
	</extension>
</addon>
